"Longitude (x)","Latitude (y)","Station Name","Climate ID","Date/Time","Year","Month","Day","Data Quality","Max Temp (°C)","Max Temp Flag","Min Temp (°C)","Min Temp Flag","Mean Temp (°C)","Mean Temp Flag","Heat Deg Days (°C)","Heat Deg Days Flag","Cool Deg Days (°C)","Cool Deg Days Flag","Total Rain (mm)","Total Rain Flag","Total Snow (cm)","Total Snow Flag","Total Precip (mm)","Total Precip Flag","Snow on Grnd (cm)","Snow on Grnd Flag","Dir of Max Gust (10s deg)","Dir of Max Gust Flag","Spd of Max Gust (km/h)","Spd of Max Gust Flag"
"-118.64","55.45","SEXSMITH WIEBE","3075858","2001-01-01","2001","01","01","","4.5","","-6.0","","-0.8","","18.8","","0.0","","0.0","","0.0","","0.0","","7","","","","",""
"-118.64","55.45","SEXSMITH WIEBE","3075858","2001-01-02","2001","01","02","","7.5","","-4.0","","1.8","","16.2","","0.0","","0.0","T","0.0","","0.0","T","7","","","","",""
"-118.64","55.45","SEXSMITH WIEBE","3075858","2001-01-03","2001","01","03","","9.0","","0.0","","4.5","","13.5","","0.0","","0.0","","0.0","","0.0","","7","","","","",""
"-118.64","55.45","SEXSMITH WIEBE","3075858","2001-01-04","2001","01","04","","4.0","","-3.0","","0.5","","17.5","","0.0","","0.6","","0.0","","0.6","","7","","","","",""
"-118.64","55.45","SEXSMITH WIEBE","3075858","2001-01-05","2001","01","05","","4.5","","-3.0","","0.8","","17.2","","0.0","","0.0","","0.0","","0.0","","6","","","","",""
"-118.64","55.45","SEXSMITH WIEBE","3075858","2001-01-06","2001","01","06","","3.0","","-4.0","","-0.5","","18.5","","0.0","","0.0","","0.0","","0.0","","6","","","","",""
"-118.64","55.45","SEXSMITH WIEBE","3075858","2001-01-07","2001","01","07","","4.5","","-8.0","","-1.8","","19.8","","0.0","","0.0","","0.0","","0.0","","6","","","","",""
"-118.64","55.45","SEXSMITH WIEBE","3075858","2001-01-08","2001","01","08","","4.5","","-10.0","","-2.8","","20.8","","0.0","","0.0","","0.0","","0.0","","6","","","","",""
"-118.64","55.45","SEXSMITH WIEBE","3075858","2001-01-09","2001","01","09","","5.5","","-9.0","","-1.8","","19.8","","0.0","","0.0","","0.0","","0.0","","6","","","","",""
"-118.64","55.45","SEXSMITH WIEBE","3075858","2001-01-10","2001","01","10","","5.0","","-10.0","","-2.5","","20.5","","0.0","","0.0","","0.0","","0.0","","6","","","","",""
"-118.64","55.45","SEXSMITH WIEBE","3075858","2001-01-11","2001","01","11","","-0.5","","-10.0","","-5.3","","23.3","","0.0","","0.0","","0.0","T","0.0","T","6","","","","",""
"-118.64","55.45","SEXSMITH WIEBE","3075858","2001-01-12","2001","01","12","","-7.5","","-11.0","","-9.3","","27.3","","0.0","","0.0","","0.0","","0.0","","6","","","","",""
"-118.64","55.45","SEXSMITH WIEBE","3075858","2001-01-13","2001","01","13","","-8.0","","-19.0","","-13.5","","31.5","","0.0","","0.0","","0.0","","0.0","","6","","","","",""
"-118.64","55.45","SEXSMITH WIEBE","3075858","2001-01-14","2001","01","14","","-2.0","","-18.0","","-10.0","","28.0","","0.0","","0.0","","0.0","","0.0","","6","","","","",""
"-118.64","55.45","SEXSMITH WIEBE","3075858","2001-01-15","2001","01","15","","0.0","","-17.0","","-8.5","","26.5","","0.0","","0.0","","0.0","","0.0","","6","","","","",""
"-118.64","55.45","SEXSMITH WIEBE","3075858","2001-01-16","2001","01","16","","5.0","","-6.0","","-0.5","","18.5","","0.0","","0.0","","0.0","","0.0","","6","","","","",""
"-118.64","55.45","SEXSMITH WIEBE","3075858","2001-01-17","2001","01","17","","3.5","","-11.5","","-4.0","","22.0","","0.0","","0.0","","0.0","","0.0","","6","","","","",""
"-118.64","55.45","SEXSMITH WIEBE","3075858","2001-01-18","2001","01","18","","5.0","","-7.5","","-1.3","","19.3","","0.0","","0.0","","0.0","","0.0","","6","","","","",""
"-118.64","55.45","SEXSMITH WIEBE","3075858","2001-01-19","2001","01","19","","5.0","","-11.0","","-3.0","","21.0","","0.0","","0.0","","0.0","","0.0","","6","","","","",""
"-118.64","55.45","SEXSMITH WIEBE","3075858","2001-01-20","2001","01","20","","0.0","","-9.5","","-4.8","","22.8","","0.0","","0.0","","0.0","","0.0","","6","","","","",""
"-118.64","55.45","SEXSMITH WIEBE","3075858","2001-01-21","2001","01","21","","3.5","","-10.0","","-3.3","","21.3","","0.0","","0.0","","0.0","","0.0","","6","","","","",""
"-118.64","55.45","SEXSMITH WIEBE","3075858","2001-01-22","2001","01","22","","3.0","","-9.0","","-3.0","","21.0","","0.0","","0.0","","0.0","","0.0","","6","","","","",""
"-118.64","55.45","SEXSMITH WIEBE","3075858","2001-01-23","2001","01","23","","0.5","","-15.0","","-7.3","","25.3","","0.0","","0.0","","0.0","","0.0","","6","","","","",""
"-118.64","55.45","SEXSMITH WIEBE","3075858","2001-01-24","2001","01","24","","8.0","","-15.0","","-3.5","","21.5","","0.0","","0.0","","0.0","","0.0","","6","","","","",""
"-118.64","55.45","SEXSMITH WIEBE","3075858","2001-01-25","2001","01","25","","3.0","","-13.0","","-5.0","","23.0","","0.0","","0.0","","0.0","","0.0","","6","","","","",""
"-118.64","55.45","SEXSMITH WIEBE","3075858","2001-01-26","2001","01","26","","5.5","","-14.0","","-4.3","","22.3","","0.0","","0.0","","0.0","","0.0","","6","","","","",""
"-118.64","55.45","SEXSMITH WIEBE","3075858","2001-01-27","2001","01","27","","3.5","","-9.5","","-3.0","","21.0","","0.0","","0.0","","0.0","","0.0","","6","","","","",""
"-118.64","55.45","SEXSMITH WIEBE","3075858","2001-01-28","2001","01","28","","6.5","","-8.0","","-0.8","","18.8","","0.0","","0.0","","4.2","","4.2","","6","","","","",""
"-118.64","55.45","SEXSMITH WIEBE","3075858","2001-01-29","2001","01","29","","1.0","","-3.0","","-1.0","","19.0","","0.0","","0.0","","1.2","","1.2","","11","","","","",""
"-118.64","55.45","SEXSMITH WIEBE","3075858","2001-01-30","2001","01","30","","0.0","","-14.0","","-7.0","","25.0","","0.0","","0.0","","0.0","","0.0","","13","","","","",""
"-118.64","55.45","SEXSMITH WIEBE","3075858","2001-01-31","2001","01","31","","4.0","","-13.0","","-4.5","","22.5","","0.0","","0.0","","0.2","","0.2","","13","","","","",""
"-118.64","55.45","SEXSMITH WIEBE","3075858","2001-02-01","2001","02","01","","6.0","","-5.0","","0.5","","17.5","","0.0","","0.0","T","0.0","","0.0","T","13","","","","",""
"-118.64","55.45","SEXSMITH WIEBE","3075858","2001-02-02","2001","02","02","","6.5","","-7.0","","-0.3","","18.3","","0.0","","0.0","","0.0","","0.0","","12","","","","",""
"-118.64","55.45","SEXSMITH WIEBE","3075858","2001-02-03","2001","02","03","","3.5","","-4.0","","-0.3","","18.3","","0.0","","0.0","","0.0","","0.0","","11","","","","",""
"-118.64","55.45","SEXSMITH WIEBE","3075858","2001-02-04","2001","02","04","","1.0","","-9.0","","-4.0","","22.0","","0.0","","0.0","","0.0","","0.0","","11","","","","",""
"-118.64","55.45","SEXSMITH WIEBE","3075858","2001-02-05","2001","02","05","","-2.0","","-11.0","","-6.5","","24.5","","0.0","","0.0","","0.0","T","0.0","T","11","","","","",""
"-118.64","55.45","SEXSMITH WIEBE","3075858","2001-02-06","2001","02","06","","-6.5","","-18.0","","-12.3","","30.3","","0.0","","0.0","","4.2","","4.2","","11","","","","",""
"-118.64","55.45","SEXSMITH WIEBE","3075858","2001-02-07","2001","02","07","","-10.0","","-20.0","","-15.0","","33.0","","0.0","","0.0","","0.0","","0.0","","14","","","","",""
"-118.64","55.45","SEXSMITH WIEBE","3075858","2001-02-08","2001","02","08","","-13.0","","-29.0","","-21.0","","39.0","","0.0","","0.0","","0.0","","0.0","","11","","","","",""
"-118.64","55.45","SEXSMITH WIEBE","3075858","2001-02-09","2001","02","09","","-13.0","","-29.0","","-21.0","","39.0","","0.0","","0.0","","0.0","T","0.0","T","14","","","","",""
"-118.64","55.45","SEXSMITH WIEBE","3075858","2001-02-10","2001","02","10","","-11.0","","-22.0","","-16.5","","34.5","","0.0","","0.0","","0.0","","0.0","","14","","","","",""
"-118.64","55.45","SEXSMITH WIEBE","3075858","2001-02-11","2001","02","11","","-10.0","","-20.0","","-15.0","","33.0","","0.0","","0.0","","0.0","","0.0","","14","","","","",""
"-118.64","55.45","SEXSMITH WIEBE","3075858","2001-02-12","2001","02","12","","-7.0","","-27.0","","-17.0","","35.0","","0.0","","0.0","","0.0","","0.0","","14","","","","",""
"-118.64","55.45","SEXSMITH WIEBE","3075858","2001-02-13","2001","02","13","","-3.0","","-23.0","","-13.0","","31.0","","0.0","","0.0","","5.0","","5.0","","14","","","","",""
"-118.64","55.45","SEXSMITH WIEBE","3075858","2001-02-14","2001","02","14","","-11.0","","-15.0","","-13.0","","31.0","","0.0","","0.0","","3.8","","3.8","","22","","","","",""
"-118.64","55.45","SEXSMITH WIEBE","3075858","2001-02-15","2001","02","15","","-12.5","","-18.0","","-15.3","","33.3","","0.0","","0.0","","0.0","","0.0","","26","","","","",""
"-118.64","55.45","SEXSMITH WIEBE","3075858","2001-02-16","2001","02","16","","-10.0","","-27.0","","-18.5","","36.5","","0.0","","0.0","","0.0","","0.0","","26","","","","",""
"-118.64","55.45","SEXSMITH WIEBE","3075858","2001-02-17","2001","02","17","","-3.0","","-26.0","","-14.5","","32.5","","0.0","","0.0","","0.0","","0.0","","26","","","","",""
"-118.64","55.45","SEXSMITH WIEBE","3075858","2001-02-18","2001","02","18","","-8.0","","-22.0","","-15.0","","33.0","","0.0","","0.0","","0.0","","0.0","","26","","","","",""
"-118.64","55.45","SEXSMITH WIEBE","3075858","2001-02-19","2001","02","19","","-7.0","","-29.0","","-18.0","","36.0","","0.0","","0.0","","0.0","","0.0","","26","","","","",""
"-118.64","55.45","SEXSMITH WIEBE","3075858","2001-02-20","2001","02","20","","-4.0","","-27.0","","-15.5","","33.5","","0.0","","0.0","","0.0","","0.0","","20","","","","",""
"-118.64","55.45","SEXSMITH WIEBE","3075858","2001-02-21","2001","02","21","","-2.0","","-17.5","","-9.8","","27.8","","0.0","","0.0","","0.0","","0.0","","20","","","","",""
"-118.64","55.45","SEXSMITH WIEBE","3075858","2001-02-22","2001","02","22","","-1.0","","-21.5","","-11.3","","29.3","","0.0","","0.0","","5.0","","5.0","","20","","","","",""
"-118.64","55.45","SEXSMITH WIEBE","3075858","2001-02-23","2001","02","23","","-15.0","","-19.0","","-17.0","","35.0","","0.0","","0.0","","0.0","","0.0","","24","","","","",""
"-118.64","55.45","SEXSMITH WIEBE","3075858","2001-02-24","2001","02","24","","-17.0","","-34.0","","-25.5","","43.5","","0.0","","0.0","","0.0","","0.0","","24","","","","",""
"-118.64","55.45","SEXSMITH WIEBE","3075858","2001-02-25","2001","02","25","","-15.5","","-34.0","","-24.8","","42.8","","0.0","","0.0","","0.0","","0.0","","24","","","","",""
"-118.64","55.45","SEXSMITH WIEBE","3075858","2001-02-26","2001","02","26","","1.5","","-26.0","","-12.3","","30.3","","0.0","","0.0","","0.0","","0.0","","24","","","","",""
"-118.64","55.45","SEXSMITH WIEBE","3075858","2001-02-27","2001","02","27","","8.5","","-15.0","","-3.3","","21.3","","0.0","","0.0","","0.0","","0.0","","24","","","","",""
"-118.64","55.45","SEXSMITH WIEBE","3075858","2001-02-28","2001","02","28","","5.5","","0.0","","2.8","","15.2","","0.0","","0.0","","0.0","","0.0","","19","","","","",""
"-118.64","55.45","SEXSMITH WIEBE","3075858","2001-03-01","2001","03","01","","5.0","","-5.5","","-0.3","","18.3","","0.0","","0.0","","1.0","","1.0","","19","","","","",""
"-118.64","55.45","SEXSMITH WIEBE","3075858","2001-03-02","2001","03","02","","6.0","E","-4.5","","0.8","E","17.2","E","0.0","E","0.0","","0.0","","0.0","","20","","","","",""
"-118.64","55.45","SEXSMITH WIEBE","3075858","2001-03-03","2001","03","03","","6.5","E","-10.0","E","-1.8","E","19.8","E","0.0","E","0.0","","0.0","","0.0","","19","","","","",""
"-118.64","55.45","SEXSMITH WIEBE","3075858","2001-03-04","2001","03","04","","4.0","E","-12.0","","-4.0","E","22.0","E","0.0","E","0.0","","0.0","","0.0","","19","","","","",""
"-118.64","55.45","SEXSMITH WIEBE","3075858","2001-03-05","2001","03","05","","6.0","","-17.0","","-5.5","","23.5","","0.0","","0.0","","0.0","","0.0","","19","","","","",""
"-118.64","55.45","SEXSMITH WIEBE","3075858","2001-03-06","2001","03","06","","9.0","","-9.0","E","0.0","E","18.0","E","0.0","E","0.0","","0.0","","0.0","","19","","","","",""
"-118.64","55.45","SEXSMITH WIEBE","3075858","2001-03-07","2001","03","07","","11.0","","-9.0","","1.0","","17.0","","0.0","","0.0","","0.0","","0.0","","19","","","","",""
"-118.64","55.45","SEXSMITH WIEBE","3075858","2001-03-08","2001","03","08","","5.5","","-5.0","","0.3","","17.7","","0.0","","0.0","","0.0","","0.0","","","M","","","",""
"-118.64","55.45","SEXSMITH WIEBE","3075858","2001-03-09","2001","03","09","","5.0","","-11.0","","-3.0","","21.0","","0.0","","0.0","","0.0","T","0.0","T","16","","","","",""
"-118.64","55.45","SEXSMITH WIEBE","3075858","2001-03-10","2001","03","10","","5.5","","-5.0","","0.3","","17.7","","0.0","","0.0","","0.0","T","0.0","T","15","","","","",""
"-118.64","55.45","SEXSMITH WIEBE","3075858","2001-03-11","2001","03","11","","8.5","","-5.0","","1.8","","16.2","","0.0","","0.0","","0.0","","0.0","","15","","","","",""
"-118.64","55.45","SEXSMITH WIEBE","3075858","2001-03-12","2001","03","12","","5.0","","2.0","","3.5","","14.5","","0.0","","0.0","","0.0","","0.0","","12","","","","",""
"-118.64","55.45","SEXSMITH WIEBE","3075858","2001-03-13","2001","03","13","","4.5","","-5.0","","-0.3","","18.3","","0.0","","0.0","","0.0","","0.0","","11","","","","",""
"-118.64","55.45","SEXSMITH WIEBE","3075858","2001-03-14","2001","03","14","","6.5","","-5.0","","0.8","","17.2","","0.0","","0.0","","0.0","","0.0","","11","","","","",""
"-118.64","55.45","SEXSMITH WIEBE","3075858","2001-03-15","2001","03","15","","7.0","","-10.0","","-1.5","","19.5","","0.0","","0.0","","0.0","","0.0","","10","","","","",""
"-118.64","55.45","SEXSMITH WIEBE","3075858","2001-03-16","2001","03","16","","6.0","","-8.0","","-1.0","","19.0","","0.0","","0.0","","0.0","","0.0","","8","","","","",""
"-118.64","55.45","SEXSMITH WIEBE","3075858","2001-03-17","2001","03","17","","8.0","","-6.0","","1.0","","17.0","","0.0","","0.0","","0.0","T","0.0","T","","M","","","",""
"-118.64","55.45","SEXSMITH WIEBE","3075858","2001-03-18","2001","03","18","","-3.0","","-6.0","","-4.5","","22.5","","0.0","","0.0","","0.2","","0.2","","","M","","","",""
"-118.64","55.45","SEXSMITH WIEBE","3075858","2001-03-19","2001","03","19","","-18.0","","-23.5","","-20.8","","38.8","","0.0","","0.0","","2.6","","2.6","","","M","","","",""
"-118.64","55.45","SEXSMITH WIEBE","3075858","2001-03-20","2001","03","20","","-16.0","","-23.5","","-19.8","","37.8","","0.0","","0.0","","2.8","","2.8","","2","","","","",""
"-118.64","55.45","SEXSMITH WIEBE","3075858","2001-03-21","2001","03","21","","-15.5","","-21.0","","-18.3","","36.3","","0.0","","0.0","","0.0","","0.0","","4","","","","",""
"-118.64","55.45","SEXSMITH WIEBE","3075858","2001-03-22","2001","03","22","","-15.5","","-30.0","","-22.8","","40.8","","0.0","","0.0","","0.0","T","0.0","T","4","","","","",""
"-118.64","55.45","SEXSMITH WIEBE","3075858","2001-03-23","2001","03","23","","-13.0","","-26.0","","-19.5","","37.5","","0.0","","0.0","","0.0","","0.0","","4","","","","",""
"-118.64","55.45","SEXSMITH WIEBE","3075858","2001-03-24","2001","03","24","","-4.0","","-23.0","","-13.5","","31.5","","0.0","","0.0","","0.0","","0.0","","","M","","","",""
"-118.64","55.45","SEXSMITH WIEBE","3075858","2001-03-25","2001","03","25","","-1.0","","-16.0","E","-8.5","E","26.5","E","0.0","E","0.0","T","0.2","","0.2","","3","","","","",""
"-118.64","55.45","SEXSMITH WIEBE","3075858","2001-03-26","2001","03","26","","7.0","","-6.0","","0.5","","17.5","","0.0","","0.0","","0.0","T","0.0","T","3","","","","",""
"-118.64","55.45","SEXSMITH WIEBE","3075858","2001-03-27","2001","03","27","","8.0","","-8.0","","0.0","","18.0","","0.0","","0.0","","0.0","","0.0","","0","","","","",""
"-118.64","55.45","SEXSMITH WIEBE","3075858","2001-03-28","2001","03","28","","4.5","","-3.5","","0.5","","17.5","","0.0","","0.0","","0.0","","0.0","","0","","","","",""
"-118.64","55.45","SEXSMITH WIEBE","3075858","2001-03-29","2001","03","29","","4.0","","-6.0","","-1.0","","19.0","","0.0","","0.0","","0.0","","0.0","","0","","","","",""
"-118.64","55.45","SEXSMITH WIEBE","3075858","2001-03-30","2001","03","30","","7.0","","-10.0","","-1.5","","19.5","","0.0","","0.0","","0.0","","0.0","","0","","","","",""
"-118.64","55.45","SEXSMITH WIEBE","3075858","2001-03-31","2001","03","31","","3.5","","-9.0","","-2.8","","20.8","","0.0","","0.0","","0.0","T","0.0","T","0","","","","",""
"-118.64","55.45","SEXSMITH WIEBE","3075858","2001-04-01","2001","04","01","","3.0","","-5.0","","-1.0","","19.0","","0.0","","0.0","","4.6","","4.6","","0","","","","",""
"-118.64","55.45","SEXSMITH WIEBE","3075858","2001-04-02","2001","04","02","","3.0","","-1.5","","0.8","","17.2","","0.0","","0.0","","0.0","T","0.0","T","4","","","","",""
"-118.64","55.45","SEXSMITH WIEBE","3075858","2001-04-03","2001","04","03","","6.5","","-5.0","","0.8","","17.2","","0.0","","0.0","","0.0","","0.0","","4","","","","",""
"-118.64","55.45","SEXSMITH WIEBE","3075858","2001-04-04","2001","04","04","","12.5","","-7.0","","2.8","","15.2","","0.0","","0.0","","0.0","","0.0","","0","","","","",""
"-118.64","55.45","SEXSMITH WIEBE","3075858","2001-04-05","2001","04","05","","9.0","","0.0","","4.5","","13.5","","0.0","","0.0","","8.0","","8.0","","0","","","","",""
"-118.64","55.45","SEXSMITH WIEBE","3075858","2001-04-06","2001","04","06","","1.0","","-1.5","","-0.3","","18.3","","0.0","","0.0","","17.0","","17.0","","8","","","","",""
"-118.64","55.45","SEXSMITH WIEBE","3075858","2001-04-07","2001","04","07","","-1.0","","-5.0","","-3.0","","21.0","","0.0","","0.0","","2.6","","2.6","","17","","","","",""
"-118.64","55.45","SEXSMITH WIEBE","3075858","2001-04-08","2001","04","08","","2.0","","-6.0","E","-2.0","E","20.0","E","0.0","E","0.0","","0.0","T","0.0","T","","M","","","",""
"-118.64","55.45","SEXSMITH WIEBE","3075858","2001-04-09","2001","04","09","","4.0","","-6.0","","-1.0","","19.0","","0.0","","0.0","","1.2","","1.2","","11","","","","",""
"-118.64","55.45","SEXSMITH WIEBE","3075858","2001-04-10","2001","04","10","","2.0","","-5.0","","-1.5","","19.5","","0.0","","0.0","","0.0","T","0.0","T","12","","","","",""
"-118.64","55.45","SEXSMITH WIEBE","3075858","2001-04-11","2001","04","11","","4.0","","-12.0","","-4.0","","22.0","","0.0","","0.0","","0.0","","0.0","","8","","","","",""
"-118.64","55.45","SEXSMITH WIEBE","3075858","2001-04-12","2001","04","12","","8.0","","-11.0","","-1.5","","19.5","","0.0","","0.0","","0.0","","0.0","","7","","","","",""
"-118.64","55.45","SEXSMITH WIEBE","3075858","2001-04-13","2001","04","13","","10.5","","-8.0","","1.3","","16.7","","0.0","","0.0","","0.0","","0.0","","0","","","","",""
"-118.64","55.45","SEXSMITH WIEBE","3075858","2001-04-14","2001","04","14","","10.0","","2.0","","6.0","","12.0","","0.0","","0.0","","0.0","","0.0","","0","","","","",""
"-118.64","55.45","SEXSMITH WIEBE","3075858","2001-04-15","2001","04","15","","9.0","","-4.0","E","2.5","E","15.5","E","0.0","E","0.0","","0.0","","0.0","","0","","","","",""
"-118.64","55.45","SEXSMITH WIEBE","3075858","2001-04-16","2001","04","16","","13.0","","-4.0","","4.5","","13.5","","0.0","","0.0","","0.0","","0.0","","0","","","","",""
"-118.64","55.45","SEXSMITH WIEBE","3075858","2001-04-17","2001","04","17","","11.0","","0.5","","5.8","","12.2","","0.0","","4.0","","0.0","","4.0","","0","","","","",""
"-118.64","55.45","SEXSMITH WIEBE","3075858","2001-04-18","2001","04","18","","12.5","","0.0","","6.3","","11.7","","0.0","","1.4","","0.0","T","1.4","","0","","","","",""
"-118.64","55.45","SEXSMITH WIEBE","3075858","2001-04-19","2001","04","19","","2.0","","-1.0","","0.5","","17.5","","0.0","","0.8","","0.2","","1.0","","0","","","","",""
"-118.64","55.45","SEXSMITH WIEBE","3075858","2001-04-20","2001","04","20","","0.0","","-7.0","","-3.5","","21.5","","0.0","","0.0","","0.0","","0.0","","0","","","","",""
"-118.64","55.45","SEXSMITH WIEBE","3075858","2001-04-21","2001","04","21","","4.0","","-9.0","","-2.5","","20.5","","0.0","","0.0","","0.0","","0.0","","0","","","","",""
"-118.64","55.45","SEXSMITH WIEBE","3075858","2001-04-22","2001","04","22","","12.0","","-7.0","","2.5","","15.5","","0.0","","0.0","","0.0","","0.0","","0","","","","",""
"-118.64","55.45","SEXSMITH WIEBE","3075858","2001-04-23","2001","04","23","","13.5","","-1.0","","6.3","","11.7","","0.0","","0.0","","0.0","","0.0","","0","","","","",""
"-118.64","55.45","SEXSMITH WIEBE","3075858","2001-04-24","2001","04","24","","17.5","","-3.0","","7.3","","10.7","","0.0","","0.8","","0.0","","0.8","","0","","","","",""
"-118.64","55.45","SEXSMITH WIEBE","3075858","2001-04-25","2001","04","25","","13.0","","1.0","","7.0","","11.0","","0.0","","0.0","","0.0","","0.0","","0","","","","",""
"-118.64","55.45","SEXSMITH WIEBE","3075858","2001-04-26","2001","04","26","","16.0","","-4.0","","6.0","","12.0","","0.0","","0.0","","0.0","","0.0","","0","","","","",""
"-118.64","55.45","SEXSMITH WIEBE","3075858","2001-04-27","2001","04","27","","20.0","","0.0","","10.0","","8.0","","0.0","","0.4","","0.0","","0.4","","0","","","","",""
"-118.64","55.45","SEXSMITH WIEBE","3075858","2001-04-28","2001","04","28","","12.0","","6.0","","9.0","","9.0","","0.0","","0.6","","0.0","","0.6","","","M","","","",""
"-118.64","55.45","SEXSMITH WIEBE","3075858","2001-04-29","2001","04","29","","12.5","","-3.0","","4.8","","13.2","","0.0","","0.0","T","0.0","","0.0","T","","M","","","",""
"-118.64","55.45","SEXSMITH WIEBE","3075858","2001-04-30","2001","04","30","","12.0","","-3.5","","4.3","","13.7","","0.0","","0.4","","0.0","","0.4","","0","","","","",""
"-118.64","55.45","SEXSMITH WIEBE","3075858","2001-05-01","2001","05","01","","9.5","","-2.0","","3.8","","14.2","","0.0","","0.0","T","0.0","T","0.0","T","0","","","","",""
"-118.64","55.45","SEXSMITH WIEBE","3075858","2001-05-02","2001","05","02","","12.5","","-2.0","","5.3","","12.7","","0.0","","0.0","","0.0","","0.0","","0","","","","",""
"-118.64","55.45","SEXSMITH WIEBE","3075858","2001-05-03","2001","05","03","","15.0","","0.0","","7.5","","10.5","","0.0","","0.0","","0.0","","0.0","","0","","","","",""
"-118.64","55.45","SEXSMITH WIEBE","3075858","2001-05-04","2001","05","04","","15.0","","-2.0","","6.5","","11.5","","0.0","","1.8","","0.0","","1.8","","0","","","","",""
"-118.64","55.45","SEXSMITH WIEBE","3075858","2001-05-05","2001","05","05","","11.0","","-1.0","","5.0","","13.0","","0.0","","0.8","","0.0","","0.8","","0","","","","",""
"-118.64","55.45","SEXSMITH WIEBE","3075858","2001-05-06","2001","05","06","","12.5","","-1.0","","5.8","","12.2","","0.0","","0.2","","0.0","","0.2","","0","","","","",""
"-118.64","55.45","SEXSMITH WIEBE","3075858","2001-05-07","2001","05","07","","17.0","","-5.5","","5.8","","12.2","","0.0","","0.0","","0.0","","0.0","","0","","","","",""
"-118.64","55.45","SEXSMITH WIEBE","3075858","2001-05-08","2001","05","08","","11.0","","1.0","","6.0","","12.0","","0.0","","0.0","","0.0","","0.0","","0","","","","",""
"-118.64","55.45","SEXSMITH WIEBE","3075858","2001-05-09","2001","05","09","","12.0","","-2.0","","5.0","","13.0","","0.0","","0.0","","0.0","","0.0","","0","","","","",""
"-118.64","55.45","SEXSMITH WIEBE","3075858","2001-05-10","2001","05","10","","14.0","","-4.0","","5.0","","13.0","","0.0","","0.0","","0.0","","0.0","","0","","","","",""
"-118.64","55.45","SEXSMITH WIEBE","3075858","2001-05-11","2001","05","11","","16.0","","-5.0","","5.5","","12.5","","0.0","","0.0","","0.0","","0.0","","0","","","","",""
"-118.64","55.45","SEXSMITH WIEBE","3075858","2001-05-12","2001","05","12","","22.0","","-3.0","","9.5","","8.5","","0.0","","0.0","","0.0","","0.0","","0","","","","",""
"-118.64","55.45","SEXSMITH WIEBE","3075858","2001-05-13","2001","05","13","","15.0","","9.0","","12.0","","6.0","","0.0","","0.0","","0.0","","0.0","","0","","","","",""
"-118.64","55.45","SEXSMITH WIEBE","3075858","2001-05-14","2001","05","14","","16.5","","-1.0","","7.8","","10.2","","0.0","","0.0","","0.0","","0.0","","0","","","","",""
"-118.64","55.45","SEXSMITH WIEBE","3075858","2001-05-15","2001","05","15","","16.0","","6.0","","11.0","","7.0","","0.0","","0.0","T","0.0","","0.0","T","0","","","","",""
"-118.64","55.45","SEXSMITH WIEBE","3075858","2001-05-16","2001","05","16","","18.0","","-0.5","","8.8","","9.2","","0.0","","0.0","","0.0","","0.0","","0","","","","",""
"-118.64","55.45","SEXSMITH WIEBE","3075858","2001-05-17","2001","05","17","","14.0","","-1.0","","6.5","","11.5","","0.0","","0.0","T","0.0","","0.0","T","0","","","","",""
"-118.64","55.45","SEXSMITH WIEBE","3075858","2001-05-18","2001","05","18","","13.0","","-2.0","","5.5","","12.5","","0.0","","0.6","","0.0","T","0.6","","0","","","","",""
"-118.64","55.45","SEXSMITH WIEBE","3075858","2001-05-19","2001","05","19","","7.0","","0.0","","3.5","","14.5","","0.0","","8.8","","0.0","T","8.8","","0","","","","",""
"-118.64","55.45","SEXSMITH WIEBE","3075858","2001-05-20","2001","05","20","","15.5","","-2.0","","6.8","","11.2","","0.0","","0.0","T","0.0","","0.0","T","0","","","","",""
"-118.64","55.45","SEXSMITH WIEBE","3075858","2001-05-21","2001","05","21","","18.0","","3.0","","10.5","","7.5","","0.0","","0.0","","0.0","","0.0","","0","","","","",""
"-118.64","55.45","SEXSMITH WIEBE","3075858","2001-05-22","2001","05","22","","22.0","","0.5","","11.3","","6.7","","0.0","","0.0","","0.0","","0.0","","0","","","","",""
"-118.64","55.45","SEXSMITH WIEBE","3075858","2001-05-23","2001","05","23","","23.5","","4.0","","13.8","","4.2","","0.0","","1.0","","0.0","","1.0","","0","","","","",""
"-118.64","55.45","SEXSMITH WIEBE","3075858","2001-05-24","2001","05","24","","22.0","","8.0","","15.0","","3.0","","0.0","","0.0","","0.0","","0.0","","0","","","","",""
"-118.64","55.45","SEXSMITH WIEBE","3075858","2001-05-25","2001","05","25","","21.5","","2.0","","11.8","","6.2","","0.0","","0.0","","0.0","","0.0","","0","","","","",""
"-118.64","55.45","SEXSMITH WIEBE","3075858","2001-05-26","2001","05","26","","21.5","","6.5","","14.0","","4.0","","0.0","","2.0","","0.0","","2.0","","0","","","","",""
"-118.64","55.45","SEXSMITH WIEBE","3075858","2001-05-27","2001","05","27","","23.5","","8.5","","16.0","","2.0","","0.0","","1.6","","0.0","","1.6","","0","","","","",""
"-118.64","55.45","SEXSMITH WIEBE","3075858","2001-05-28","2001","05","28","","17.5","","7.5","","12.5","","5.5","","0.0","","24.2","","0.0","","24.2","","0","","","","",""
"-118.64","55.45","SEXSMITH WIEBE","3075858","2001-05-29","2001","05","29","","6.5","","3.5","","5.0","","13.0","","0.0","","38.6","","0.0","","38.6","","0","","","","",""
"-118.64","55.45","SEXSMITH WIEBE","3075858","2001-05-30","2001","05","30","","16.0","","2.5","","9.3","","8.7","","0.0","","0.4","","0.0","","0.4","","0","","","","",""
"-118.64","55.45","SEXSMITH WIEBE","3075858","2001-05-31","2001","05","31","","20.0","","1.0","","10.5","","7.5","","0.0","","0.0","","0.0","","0.0","","0","","","","",""
"-118.64","55.45","SEXSMITH WIEBE","3075858","2001-06-01","2001","06","01","","26.0","","13.0","","19.5","","0.0","","1.5","","3.4","","0.0","","3.4","","0","","","","",""
"-118.64","55.45","SEXSMITH WIEBE","3075858","2001-06-02","2001","06","02","","16.5","","5.5","","11.0","","7.0","","0.0","","0.2","","0.0","","0.2","","0","","","","",""
"-118.64","55.45","SEXSMITH WIEBE","3075858","2001-06-03","2001","06","03","","18.0","","6.0","","12.0","","6.0","","0.0","","0.0","T","0.0","","0.0","T","0","","","","",""
"-118.64","55.45","SEXSMITH WIEBE","3075858","2001-06-04","2001","06","04","","19.0","","2.5","","10.8","","7.2","","0.0","","0.8","","0.0","","0.8","","0","","","","",""
"-118.64","55.45","SEXSMITH WIEBE","3075858","2001-06-05","2001","06","05","","18.5","","10.0","","14.3","","3.7","","0.0","","0.0","T","0.0","","0.0","T","0","","","","",""
"-118.64","55.45","SEXSMITH WIEBE","3075858","2001-06-06","2001","06","06","","14.0","","4.0","","9.0","","9.0","","0.0","","4.8","","0.0","","4.8","","0","","","","",""
"-118.64","55.45","SEXSMITH WIEBE","3075858","2001-06-07","2001","06","07","","18.0","","6.0","","12.0","","6.0","","0.0","","0.2","","0.0","","0.2","","0","","","","",""
"-118.64","55.45","SEXSMITH WIEBE","3075858","2001-06-08","2001","06","08","","21.5","","1.0","","11.3","","6.7","","0.0","","0.0","","0.0","","0.0","","0","","","","",""
"-118.64","55.45","SEXSMITH WIEBE","3075858","2001-06-09","2001","06","09","","21.0","","4.0","","12.5","","5.5","","0.0","","22.0","","0.0","","22.0","","0","","","","",""
"-118.64","55.45","SEXSMITH WIEBE","3075858","2001-06-10","2001","06","10","","14.0","","5.0","","9.5","","8.5","","0.0","","0.0","","0.0","","0.0","","0","","","","",""
"-118.64","55.45","SEXSMITH WIEBE","3075858","2001-06-11","2001","06","11","","11.0","","1.0","","6.0","","12.0","","0.0","","0.0","","0.0","","0.0","","0","","","","",""
"-118.64","55.45","SEXSMITH WIEBE","3075858","2001-06-12","2001","06","12","","18.5","","7.0","","12.8","","5.2","","0.0","","2.4","","0.0","","2.4","","0","","","","",""
"-118.64","55.45","SEXSMITH WIEBE","3075858","2001-06-13","2001","06","13","","22.0","","2.0","","12.0","","6.0","","0.0","","10.2","","0.0","","10.2","","0","","","","",""
"-118.64","55.45","SEXSMITH WIEBE","3075858","2001-06-14","2001","06","14","","16.0","","7.0","","11.5","","6.5","","0.0","","11.0","","0.0","","11.0","","0","","","","",""
"-118.64","55.45","SEXSMITH WIEBE","3075858","2001-06-15","2001","06","15","","16.0","","7.0","","11.5","","6.5","","0.0","","4.2","","0.0","","4.2","","0","","","","",""
"-118.64","55.45","SEXSMITH WIEBE","3075858","2001-06-16","2001","06","16","","15.0","","7.0","","11.0","","7.0","","0.0","","7.6","","0.0","","7.6","","0","","","","",""
"-118.64","55.45","SEXSMITH WIEBE","3075858","2001-06-17","2001","06","17","","17.0","","4.0","","10.5","","7.5","","0.0","","0.6","","0.0","","0.6","","0","","","","",""
"-118.64","55.45","SEXSMITH WIEBE","3075858","2001-06-18","2001","06","18","","22.0","","3.0","","12.5","","5.5","","0.0","","0.0","","0.0","","0.0","","0","","","","",""
"-118.64","55.45","SEXSMITH WIEBE","3075858","2001-06-19","2001","06","19","","24.0","","7.0","","15.5","","2.5","","0.0","","0.0","","0.0","","0.0","","0","","","","",""
"-118.64","55.45","SEXSMITH WIEBE","3075858","2001-06-20","2001","06","20","","24.0","","9.0","","16.5","","1.5","","0.0","","0.0","","0.0","","0.0","","0","","","","",""
"-118.64","55.45","SEXSMITH WIEBE","3075858","2001-06-21","2001","06","21","","24.0","","7.0","","15.5","","2.5","","0.0","","2.0","","0.0","","2.0","","0","","","","",""
"-118.64","55.45","SEXSMITH WIEBE","3075858","2001-06-22","2001","06","22","","20.0","","7.0","","13.5","","4.5","","0.0","","0.0","","0.0","","0.0","","0","","","","",""
"-118.64","55.45","SEXSMITH WIEBE","3075858","2001-06-23","2001","06","23","","20.0","","4.0","","12.0","","6.0","","0.0","","0.0","","0.0","","0.0","","0","","","","",""
"-118.64","55.45","SEXSMITH WIEBE","3075858","2001-06-24","2001","06","24","","12.0","E","4.0","","8.0","E","10.0","E","0.0","E","40.8","","0.0","","40.8","","0","","","","",""
"-118.64","55.45","SEXSMITH WIEBE","3075858","2001-06-25","2001","06","25","","12.0","","6.0","","9.0","","9.0","","0.0","","1.0","","0.0","","1.0","","0","","","","",""
"-118.64","55.45","SEXSMITH WIEBE","3075858","2001-06-26","2001","06","26","","16.0","","4.0","","10.0","","8.0","","0.0","","1.6","","0.0","","1.6","","0","","","","",""
"-118.64","55.45","SEXSMITH WIEBE","3075858","2001-06-27","2001","06","27","","12.0","","5.0","","8.5","","9.5","","0.0","","3.2","","0.0","","3.2","","0","","","","",""
"-118.64","55.45","SEXSMITH WIEBE","3075858","2001-06-28","2001","06","28","","17.0","E","9.0","","13.0","E","5.0","E","0.0","E","2.0","E","0.0","","2.0","E","0","","","","",""
"-118.64","55.45","SEXSMITH WIEBE","3075858","2001-06-29","2001","06","29","","16.0","E","7.5","E","11.8","E","6.2","E","0.0","E","0.0","","0.0","","0.0","","0","","","","",""
"-118.64","55.45","SEXSMITH WIEBE","3075858","2001-06-30","2001","06","30","","21.0","E","8.0","E","14.5","E","3.5","E","0.0","E","1.0","E","0.0","","1.0","E","0","","","","",""
"-118.64","55.45","SEXSMITH WIEBE","3075858","2001-07-01","2001","07","01","","19.5","E","7.0","E","13.3","E","4.7","E","0.0","E","3.0","","0.0","","3.0","","0","","","","",""
"-118.64","55.45","SEXSMITH WIEBE","3075858","2001-07-02","2001","07","02","","22.0","","5.0","","13.5","","4.5","","0.0","","0.0","","0.0","","0.0","","0","","","","",""
"-118.64","55.45","SEXSMITH WIEBE","3075858","2001-07-03","2001","07","03","","24.5","","4.0","","14.3","","3.7","","0.0","","0.0","","0.0","","0.0","","0","","","","",""
"-118.64","55.45","SEXSMITH WIEBE","3075858","2001-07-04","2001","07","04","","26.0","","8.0","","17.0","","1.0","","0.0","","3.2","","0.0","","3.2","","0","","","","",""
"-118.64","55.45","SEXSMITH WIEBE","3075858","2001-07-05","2001","07","05","","18.0","","14.0","","16.0","","2.0","","0.0","","0.0","","0.0","","0.0","","0","","","","",""
"-118.64","55.45","SEXSMITH WIEBE","3075858","2001-07-06","2001","07","06","","19.5","","6.0","","12.8","","5.2","","0.0","","0.4","","0.0","","0.4","","0","","","","",""
"-118.64","55.45","SEXSMITH WIEBE","3075858","2001-07-07","2001","07","07","","19.5","","8.0","","13.8","","4.2","","0.0","","0.0","","0.0","","0.0","","0","","","","",""
"-118.64","55.45","SEXSMITH WIEBE","3075858","2001-07-08","2001","07","08","","21.5","","3.0","","12.3","","5.7","","0.0","","0.0","","0.0","","0.0","","0","","","","",""
"-118.64","55.45","SEXSMITH WIEBE","3075858","2001-07-09","2001","07","09","","27.5","","3.0","","15.3","","2.7","","0.0","","4.2","","0.0","","4.2","","0","","","","",""
"-118.64","55.45","SEXSMITH WIEBE","3075858","2001-07-10","2001","07","10","","21.0","","9.0","","15.0","","3.0","","0.0","","18.2","","0.0","","18.2","","0","","","","",""
"-118.64","55.45","SEXSMITH WIEBE","3075858","2001-07-11","2001","07","11","","20.0","","9.0","","14.5","","3.5","","0.0","","0.0","","0.0","","0.0","","0","","","","",""
"-118.64","55.45","SEXSMITH WIEBE","3075858","2001-07-12","2001","07","12","","23.0","","2.0","","12.5","","5.5","","0.0","","0.0","","0.0","","0.0","","0","","","","",""
"-118.64","55.45","SEXSMITH WIEBE","3075858","2001-07-13","2001","07","13","","26.0","","7.0","","16.5","","1.5","","0.0","","0.6","","0.0","","0.6","","0","","","","",""
"-118.64","55.45","SEXSMITH WIEBE","3075858","2001-07-14","2001","07","14","","21.0","","10.0","","15.5","","2.5","","0.0","","0.0","","0.0","","0.0","","0","","","","",""
"-118.64","55.45","SEXSMITH WIEBE","3075858","2001-07-15","2001","07","15","","16.5","","5.0","","10.8","","7.2","","0.0","","0.0","","0.0","","0.0","","0","","","","",""
"-118.64","55.45","SEXSMITH WIEBE","3075858","2001-07-16","2001","07","16","","21.0","","6.5","","13.8","","4.2","","0.0","","3.0","","0.0","","3.0","","0","","","","",""
"-118.64","55.45","SEXSMITH WIEBE","3075858","2001-07-17","2001","07","17","","18.0","","10.0","","14.0","","4.0","","0.0","","13.6","","0.0","","13.6","","0","","","","",""
"-118.64","55.45","SEXSMITH WIEBE","3075858","2001-07-18","2001","07","18","","19.0","","9.0","","14.0","","4.0","","0.0","","10.2","","0.0","","10.2","","0","","","","",""
"-118.64","55.45","SEXSMITH WIEBE","3075858","2001-07-19","2001","07","19","","17.0","","7.0","","12.0","","6.0","","0.0","","4.0","","0.0","","4.0","","0","","","","",""
"-118.64","55.45","SEXSMITH WIEBE","3075858","2001-07-20","2001","07","20","","20.0","","12.0","","16.0","","2.0","","0.0","","2.2","","0.0","","2.2","","0","","","","",""
"-118.64","55.45","SEXSMITH WIEBE","3075858","2001-07-21","2001","07","21","","21.0","","13.5","","17.3","","0.7","","0.0","","2.0","E","0.0","","2.0","E","0","","","","",""
"-118.64","55.45","SEXSMITH WIEBE","3075858","2001-07-22","2001","07","22","","23.0","","7.0","","15.0","","3.0","","0.0","","0.0","","0.0","","0.0","","0","","","","",""
"-118.64","55.45","SEXSMITH WIEBE","3075858","2001-07-23","2001","07","23","","24.0","","7.0","","15.5","","2.5","","0.0","","3.2","","0.0","","3.2","","0","","","","",""
"-118.64","55.45","SEXSMITH WIEBE","3075858","2001-07-24","2001","07","24","","18.0","","8.0","","13.0","","5.0","","0.0","","15.2","","0.0","","15.2","","0","","","","",""
"-118.64","55.45","SEXSMITH WIEBE","3075858","2001-07-25","2001","07","25","","17.0","","10.0","","13.5","","4.5","","0.0","","0.4","","0.0","","0.4","","0","","","","",""
"-118.64","55.45","SEXSMITH WIEBE","3075858","2001-07-26","2001","07","26","","21.0","","5.0","","13.0","","5.0","","0.0","","0.8","","0.0","","0.8","","0","","","","",""
"-118.64","55.45","SEXSMITH WIEBE","3075858","2001-07-27","2001","07","27","","20.0","","5.0","","12.5","","5.5","","0.0","","1.6","","0.0","","1.6","","0","","","","",""
"-118.64","55.45","SEXSMITH WIEBE","3075858","2001-07-28","2001","07","28","","17.0","E","5.0","","11.0","E","7.0","E","0.0","E","3.0","E","0.0","","3.0","E","0","","","","",""
"-118.64","55.45","SEXSMITH WIEBE","3075858","2001-07-29","2001","07","29","","21.0","","5.0","","13.0","","5.0","","0.0","","18.8","","0.0","","18.8","","0","","","","",""
"-118.64","55.45","SEXSMITH WIEBE","3075858","2001-07-30","2001","07","30","","20.5","","7.0","","13.8","","4.2","","0.0","","0.4","","0.0","","0.4","","0","","","","",""
"-118.64","55.45","SEXSMITH WIEBE","3075858","2001-07-31","2001","07","31","","22.0","","5.0","","13.5","","4.5","","0.0","","0.0","","0.0","","0.0","","0","","","","",""
"-118.64","55.45","SEXSMITH WIEBE","3075858","2001-08-01","2001","08","01","","22.0","","6.0","","14.0","","4.0","","0.0","","0.6","","0.0","","0.6","","0","","","","",""
"-118.64","55.45","SEXSMITH WIEBE","3075858","2001-08-02","2001","08","02","","21.0","","8.0","","14.5","","3.5","","0.0","","1.0","","0.0","","1.0","","0","","","","",""
"-118.64","55.45","SEXSMITH WIEBE","3075858","2001-08-03","2001","08","03","","20.0","","5.0","","12.5","","5.5","","0.0","","3.6","","0.0","","3.6","","0","","","","",""
"-118.64","55.45","SEXSMITH WIEBE","3075858","2001-08-04","2001","08","04","","18.0","E","10.0","","14.0","E","4.0","E","0.0","E","0.4","","0.0","","0.4","","0","","","","",""
"-118.64","55.45","SEXSMITH WIEBE","3075858","2001-08-05","2001","08","05","","20.0","","5.0","","12.5","","5.5","","0.0","","0.4","","0.0","","0.4","","0","","","","",""
"-118.64","55.45","SEXSMITH WIEBE","3075858","2001-08-06","2001","08","06","","21.0","","7.0","","14.0","","4.0","","0.0","","0.0","","0.0","","0.0","","0","","","","",""
"-118.64","55.45","SEXSMITH WIEBE","3075858","2001-08-07","2001","08","07","","20.0","","10.0","","15.0","","3.0","","0.0","","0.4","","0.0","","0.4","","0","","","","",""
"-118.64","55.45","SEXSMITH WIEBE","3075858","2001-08-08","2001","08","08","","21.0","","5.0","","13.0","","5.0","","0.0","","0.0","","0.0","","0.0","","0","","","","",""
"-118.64","55.45","SEXSMITH WIEBE","3075858","2001-08-09","2001","08","09","","24.0","","4.0","","14.0","","4.0","","0.0","","0.0","","0.0","","0.0","","0","","","","",""
"-118.64","55.45","SEXSMITH WIEBE","3075858","2001-08-10","2001","08","10","","25.0","","6.0","","15.5","","2.5","","0.0","","0.0","","0.0","","0.0","","0","","","","",""
"-118.64","55.45","SEXSMITH WIEBE","3075858","2001-08-11","2001","08","11","","25.0","","7.0","","16.0","","2.0","","0.0","","0.0","","0.0","","0.0","","0","","","","",""
"-118.64","55.45","SEXSMITH WIEBE","3075858","2001-08-12","2001","08","12","","27.0","","6.0","E","16.5","E","1.5","E","0.0","E","0.0","","0.0","","0.0","","0","","","","",""
"-118.64","55.45","SEXSMITH WIEBE","3075858","2001-08-13","2001","08","13","","27.0","","7.0","","17.0","","1.0","","0.0","","0.0","","0.0","","0.0","","0","","","","",""
"-118.64","55.45","SEXSMITH WIEBE","3075858","2001-08-14","2001","08","14","","25.0","","9.0","","17.0","","1.0","","0.0","","0.0","","0.0","","0.0","","0","","","","",""
"-118.64","55.45","SEXSMITH WIEBE","3075858","2001-08-15","2001","08","15","","28.5","","7.0","","17.8","","0.2","","0.0","","0.0","","0.0","","0.0","","0","","","","",""
"-118.64","55.45","SEXSMITH WIEBE","3075858","2001-08-16","2001","08","16","","28.5","","7.0","","17.8","","0.2","","0.0","","0.0","","0.0","","0.0","","0","","","","",""
"-118.64","55.45","SEXSMITH WIEBE","3075858","2001-08-17","2001","08","17","","30.0","","7.5","","18.8","","0.0","","0.8","","8.4","","0.0","","8.4","","0","","","","",""
"-118.64","55.45","SEXSMITH WIEBE","3075858","2001-08-18","2001","08","18","","23.0","","11.0","","17.0","","1.0","","0.0","","38.0","","0.0","","38.0","","0","","","","",""
"-118.64","55.45","SEXSMITH WIEBE","3075858","2001-08-19","2001","08","19","","15.0","E","7.0","","11.0","E","7.0","E","0.0","E","8.2","","0.0","","8.2","","0","","","","",""
"-118.64","55.45","SEXSMITH WIEBE","3075858","2001-08-20","2001","08","20","","17.0","","4.0","","10.5","","7.5","","0.0","","0.0","","0.0","","0.0","","0","","","","",""
"-118.64","55.45","SEXSMITH WIEBE","3075858","2001-08-21","2001","08","21","","19.0","","1.5","","10.3","","7.7","","0.0","","0.6","","0.0","","0.6","","0","","","","",""
"-118.64","55.45","SEXSMITH WIEBE","3075858","2001-08-22","2001","08","22","","20.5","","9.0","","14.8","","3.2","","0.0","","0.4","","0.0","","0.4","","0","","","","",""
"-118.64","55.45","SEXSMITH WIEBE","3075858","2001-08-23","2001","08","23","","18.0","","10.0","","14.0","","4.0","","0.0","","0.6","","0.0","","0.6","","0","","","","",""
"-118.64","55.45","SEXSMITH WIEBE","3075858","2001-08-24","2001","08","24","","16.0","","3.5","","9.8","","8.2","","0.0","","0.0","","0.0","","0.0","","0","","","","",""
"-118.64","55.45","SEXSMITH WIEBE","3075858","2001-08-25","2001","08","25","","19.0","","3.0","","11.0","","7.0","","0.0","","0.0","","0.0","","0.0","","0","","","","",""
"-118.64","55.45","SEXSMITH WIEBE","3075858","2001-08-26","2001","08","26","","22.0","","4.0","","13.0","","5.0","","0.0","","0.4","","0.0","","0.4","","0","","","","",""
"-118.64","55.45","SEXSMITH WIEBE","3075858","2001-08-27","2001","08","27","","21.0","","4.0","","12.5","","5.5","","0.0","","1.0","","0.0","","1.0","","0","","","","",""
"-118.64","55.45","SEXSMITH WIEBE","3075858","2001-08-28","2001","08","28","","19.0","","7.0","","13.0","","5.0","","0.0","","0.0","","0.0","","0.0","","0","","","","",""
"-118.64","55.45","SEXSMITH WIEBE","3075858","2001-08-29","2001","08","29","","21.0","","2.5","","11.8","","6.2","","0.0","","0.0","","0.0","","0.0","","0","","","","",""
"-118.64","55.45","SEXSMITH WIEBE","3075858","2001-08-30","2001","08","30","","24.0","","3.0","","13.5","","4.5","","0.0","","0.0","T","0.0","","0.0","T","0","","","","",""
"-118.64","55.45","SEXSMITH WIEBE","3075858","2001-08-31","2001","08","31","","19.0","","10.0","","14.5","","3.5","","0.0","","1.6","","0.0","","1.6","","0","","","","",""
"-118.64","55.45","SEXSMITH WIEBE","3075858","2001-09-01","2001","09","01","","17.0","E","4.0","","10.5","E","7.5","E","0.0","E","0.2","E","0.0","","0.2","E","0","","","","",""
"-118.64","55.45","SEXSMITH WIEBE","3075858","2001-09-02","2001","09","02","","18.0","E","0.5","E","9.3","E","8.7","E","0.0","E","0.0","","0.0","","0.0","","0","","","","",""
"-118.64","55.45","SEXSMITH WIEBE","3075858","2001-09-03","2001","09","03","","16.0","E","2.0","E","9.0","E","9.0","E","0.0","E","2.8","","0.0","","2.8","","0","","","","",""
"-118.64","55.45","SEXSMITH WIEBE","3075858","2001-09-04","2001","09","04","","17.0","","2.0","","9.5","","8.5","","0.0","","0.0","","0.0","","0.0","","0","","","","",""
"-118.64","55.45","SEXSMITH WIEBE","3075858","2001-09-05","2001","09","05","","17.0","","-0.5","","8.3","","9.7","","0.0","","1.0","","0.0","","1.0","","0","","","","",""
"-118.64","55.45","SEXSMITH WIEBE","3075858","2001-09-06","2001","09","06","","16.0","","4.0","","10.0","","8.0","","0.0","","3.0","","0.0","","3.0","","0","","","","",""
"-118.64","55.45","SEXSMITH WIEBE","3075858","2001-09-07","2001","09","07","","16.0","","4.0","","10.0","","8.0","","0.0","","0.0","","0.0","","0.0","","0","","","","",""
"-118.64","55.45","SEXSMITH WIEBE","3075858","2001-09-08","2001","09","08","","15.0","","-0.5","","7.3","","10.7","","0.0","","0.2","","0.0","","0.2","","0","","","","",""
"-118.64","55.45","SEXSMITH WIEBE","3075858","2001-09-09","2001","09","09","","12.0","","4.0","","8.0","","10.0","","0.0","","1.4","","0.0","","1.4","","0","","","","",""
"-118.64","55.45","SEXSMITH WIEBE","3075858","2001-09-10","2001","09","10","","9.0","","4.0","","6.5","","11.5","","0.0","","0.0","","0.0","","0.0","","0","","","","",""
"-118.64","55.45","SEXSMITH WIEBE","3075858","2001-09-11","2001","09","11","","9.0","","-3.0","","3.0","","15.0","","0.0","","0.0","","0.0","","0.0","","0","","","","",""
"-118.64","55.45","SEXSMITH WIEBE","3075858","2001-09-12","2001","09","12","","12.0","","-4.0","","4.0","","14.0","","0.0","","0.0","","0.0","","0.0","","0","","","","",""
"-118.64","55.45","SEXSMITH WIEBE","3075858","2001-09-13","2001","09","13","","20.0","","-1.0","","9.5","","8.5","","0.0","","0.0","","0.0","","0.0","","0","","","","",""
"-118.64","55.45","SEXSMITH WIEBE","3075858","2001-09-14","2001","09","14","","23.0","","-1.0","","11.0","","7.0","","0.0","","0.0","","0.0","","0.0","","0","","","","",""
"-118.64","55.45","SEXSMITH WIEBE","3075858","2001-09-15","2001","09","15","","23.0","","1.0","","12.0","","6.0","","0.0","","0.0","","0.0","","0.0","","0","","","","",""
"-118.64","55.45","SEXSMITH WIEBE","3075858","2001-09-16","2001","09","16","","19.0","","2.0","","10.5","","7.5","","0.0","","0.0","","0.0","","0.0","","0","","","","",""
"-118.64","55.45","SEXSMITH WIEBE","3075858","2001-09-17","2001","09","17","","21.0","","2.0","","11.5","","6.5","","0.0","","1.4","","0.0","","1.4","","0","","","","",""
"-118.64","55.45","SEXSMITH WIEBE","3075858","2001-09-18","2001","09","18","","20.5","","4.0","","12.3","","5.7","","0.0","","0.4","","0.0","","0.4","","0","","","","",""
"-118.64","55.45","SEXSMITH WIEBE","3075858","2001-09-19","2001","09","19","","16.0","","2.5","","9.3","","8.7","","0.0","","2.0","","0.0","","2.0","","0","","","","",""
"-118.64","55.45","SEXSMITH WIEBE","3075858","2001-09-20","2001","09","20","","15.5","","-2.0","","6.8","","11.2","","0.0","","0.6","","0.0","","0.6","","0","","","","",""
"-118.64","55.45","SEXSMITH WIEBE","3075858","2001-09-21","2001","09","21","","13.0","","-1.0","","6.0","","12.0","","0.0","","1.2","","0.0","","1.2","","0","","","","",""
"-118.64","55.45","SEXSMITH WIEBE","3075858","2001-09-22","2001","09","22","","19.0","","2.0","","10.5","","7.5","","0.0","","0.0","","0.0","","0.0","","0","","","","",""
"-118.64","55.45","SEXSMITH WIEBE","3075858","2001-09-23","2001","09","23","","27.0","","4.0","","15.5","","2.5","","0.0","","0.0","","0.0","","0.0","","0","","","","",""
"-118.64","55.45","SEXSMITH WIEBE","3075858","2001-09-24","2001","09","24","","22.0","","1.0","","11.5","","6.5","","0.0","","0.0","","0.0","","0.0","","0","","","","",""
"-118.64","55.45","SEXSMITH WIEBE","3075858","2001-09-25","2001","09","25","","23.0","","2.0","","12.5","","5.5","","0.0","","0.0","","0.0","","0.0","","0","","","","",""
"-118.64","55.45","SEXSMITH WIEBE","3075858","2001-09-26","2001","09","26","","17.0","","7.0","","12.0","","6.0","","0.0","","4.2","","0.0","","4.2","","0","","","","",""
"-118.64","55.45","SEXSMITH WIEBE","3075858","2001-09-27","2001","09","27","","14.0","","2.0","","8.0","","10.0","","0.0","","0.0","","0.0","","0.0","","0","","","","",""
"-118.64","55.45","SEXSMITH WIEBE","3075858","2001-09-28","2001","09","28","","15.0","","-4.5","","5.3","","12.7","","0.0","","0.0","","0.0","","0.0","","0","","","","",""
"-118.64","55.45","SEXSMITH WIEBE","3075858","2001-09-29","2001","09","29","","20.0","","-4.0","","8.0","","10.0","","0.0","","1.2","","0.0","","1.2","","0","","","","",""
"-118.64","55.45","SEXSMITH WIEBE","3075858","2001-09-30","2001","09","30","","13.0","","2.0","","7.5","","10.5","","0.0","","0.0","","0.0","","0.0","","0","","","","",""
"-118.64","55.45","SEXSMITH WIEBE","3075858","2001-10-01","2001","10","01","","14.0","","-2.5","","5.8","","12.2","","0.0","","0.0","","0.0","","0.0","","0","","","","",""
"-118.64","55.45","SEXSMITH WIEBE","3075858","2001-10-02","2001","10","02","","13.0","","-3.0","","5.0","","13.0","","0.0","","0.0","","0.0","","0.0","","0","","","","",""
"-118.64","55.45","SEXSMITH WIEBE","3075858","2001-10-03","2001","10","03","","11.5","","-7.0","","2.3","","15.7","","0.0","","0.0","","0.0","","0.0","","0","","","","",""
"-118.64","55.45","SEXSMITH WIEBE","3075858","2001-10-04","2001","10","04","","11.5","","-9.0","","1.3","","16.7","","0.0","","0.0","","0.0","","0.0","","0","","","","",""
"-118.64","55.45","SEXSMITH WIEBE","3075858","2001-10-05","2001","10","05","","18.0","","-6.0","","6.0","","12.0","","0.0","","0.0","","0.0","","0.0","","0","","","","",""
"-118.64","55.45","SEXSMITH WIEBE","3075858","2001-10-06","2001","10","06","","16.0","E","0.5","E","8.3","E","9.7","E","0.0","E","0.0","","0.0","","0.0","","0","","","","",""
"-118.64","55.45","SEXSMITH WIEBE","3075858","2001-10-07","2001","10","07","","11.0","E","-1.0","E","5.0","E","13.0","E","0.0","E","0.0","","0.0","","0.0","","0","","","","",""
"-118.64","55.45","SEXSMITH WIEBE","3075858","2001-10-08","2001","10","08","","14.0","E","0.0","E","7.0","E","11.0","E","0.0","E","0.6","","0.0","","0.6","","0","","","","",""
"-118.64","55.45","SEXSMITH WIEBE","3075858","2001-10-09","2001","10","09","","10.5","","-0.5","","5.0","","13.0","","0.0","","0.0","","0.0","","0.0","","0","","","","",""
"-118.64","55.45","SEXSMITH WIEBE","3075858","2001-10-10","2001","10","10","","11.5","","-4.0","","3.8","","14.2","","0.0","","5.4","","0.0","T","5.4","","0","","","","",""
"-118.64","55.45","SEXSMITH WIEBE","3075858","2001-10-11","2001","10","11","","10.0","","-1.5","","4.3","","13.7","","0.0","","0.0","","0.0","","0.0","","0","","","","",""
"-118.64","55.45","SEXSMITH WIEBE","3075858","2001-10-12","2001","10","12","","10.0","","-3.0","","3.5","","14.5","","0.0","","3.2","","0.0","T","3.2","","0","","","","",""
"-118.64","55.45","SEXSMITH WIEBE","3075858","2001-10-13","2001","10","13","","8.5","","0.0","","4.3","","13.7","","0.0","","0.0","","0.0","","0.0","","0","","","","",""
"-118.64","55.45","SEXSMITH WIEBE","3075858","2001-10-14","2001","10","14","","8.5","","-1.0","","3.8","","14.2","","0.0","","0.0","","0.0","","0.0","","0","","","","",""
"-118.64","55.45","SEXSMITH WIEBE","3075858","2001-10-15","2001","10","15","","4.5","","-10.0","","-2.8","","20.8","","0.0","","0.0","","0.0","","0.0","","0","","","","",""
"-118.64","55.45","SEXSMITH WIEBE","3075858","2001-10-16","2001","10","16","","9.5","","-2.0","","3.8","","14.2","","0.0","","0.0","","0.0","","0.0","","0","","","","",""
"-118.64","55.45","SEXSMITH WIEBE","3075858","2001-10-17","2001","10","17","","7.0","","-2.5","","2.3","","15.7","","0.0","","0.0","","0.0","T","0.0","T","0","","","","",""
"-118.64","55.45","SEXSMITH WIEBE","3075858","2001-10-18","2001","10","18","","11.0","","-2.0","","4.5","","13.5","","0.0","","0.0","","0.0","","0.0","","0","T","","","",""
"-118.64","55.45","SEXSMITH WIEBE","3075858","2001-10-19","2001","10","19","","11.5","","-1.0","","5.3","","12.7","","0.0","","0.0","","0.0","","0.0","","0","","","","",""
"-118.64","55.45","SEXSMITH WIEBE","3075858","2001-10-20","2001","10","20","","6.0","","-5.0","","0.5","","17.5","","0.0","","0.0","","0.0","","0.0","","0","","","","",""
"-118.64","55.45","SEXSMITH WIEBE","3075858","2001-10-21","2001","10","21","","3.0","","-8.0","","-2.5","","20.5","","0.0","","0.0","","0.6","","0.6","","0","","","","",""
"-118.64","55.45","SEXSMITH WIEBE","3075858","2001-10-22","2001","10","22","","0.5","","-6.0","","-2.8","","20.8","","0.0","","0.0","","4.0","","4.0","","0","T","","","",""
"-118.64","55.45","SEXSMITH WIEBE","3075858","2001-10-23","2001","10","23","","1.0","","-3.5","","-1.3","","19.3","","0.0","","0.0","","1.2","","1.2","","4","","","","",""
"-118.64","55.45","SEXSMITH WIEBE","3075858","2001-10-24","2001","10","24","","4.0","","-7.0","","-1.5","","19.5","","0.0","","0.0","","0.8","","0.8","","5","","","","",""
"-118.64","55.45","SEXSMITH WIEBE","3075858","2001-10-25","2001","10","25","","5.0","","-10.0","","-2.5","","20.5","","0.0","","0.0","","0.0","","0.0","","5","","","","",""
"-118.64","55.45","SEXSMITH WIEBE","3075858","2001-10-26","2001","10","26","","10.0","","-7.0","","1.5","","16.5","","0.0","","0.4","","0.0","","0.4","","5","E","","","",""
"-118.64","55.45","SEXSMITH WIEBE","3075858","2001-10-27","2001","10","27","","5.0","","-4.0","","0.5","","17.5","","0.0","","0.0","","0.0","","0.0","","0","T","","","",""
"-118.64","55.45","SEXSMITH WIEBE","3075858","2001-10-28","2001","10","28","","5.5","","-9.0","","-1.8","","19.8","","0.0","","0.0","","0.0","","0.0","","0","","","","",""
"-118.64","55.45","SEXSMITH WIEBE","3075858","2001-10-29","2001","10","29","","6.5","","-12.0","","-2.8","","20.8","","0.0","","0.0","","0.0","","0.0","","0","","","","",""
"-118.64","55.45","SEXSMITH WIEBE","3075858","2001-10-30","2001","10","30","","9.0","","-10.0","","-0.5","","18.5","","0.0","","0.0","","0.0","","0.0","","0","","","","",""
"-118.64","55.45","SEXSMITH WIEBE","3075858","2001-10-31","2001","10","31","","6.5","","-5.0","","0.8","","17.2","","0.0","","0.0","","0.0","","0.0","","0","","","","",""
"-118.64","55.45","SEXSMITH WIEBE","3075858","2001-11-01","2001","11","01","","9.5","","-3.0","","3.3","","14.7","","0.0","","0.6","","0.0","","0.6","","0","","","","",""
"-118.64","55.45","SEXSMITH WIEBE","3075858","2001-11-02","2001","11","02","","5.0","","-2.0","","1.5","","16.5","","0.0","","0.0","","0.0","","0.0","","0","","","","",""
"-118.64","55.45","SEXSMITH WIEBE","3075858","2001-11-03","2001","11","03","","6.5","","-8.0","","-0.8","","18.8","","0.0","","0.0","","0.0","","0.0","","0","","","","",""
"-118.64","55.45","SEXSMITH WIEBE","3075858","2001-11-04","2001","11","04","","11.0","","-4.0","","3.5","","14.5","","0.0","","0.0","","0.0","","0.0","","0","","","","",""
"-118.64","55.45","SEXSMITH WIEBE","3075858","2001-11-05","2001","11","05","","7.0","","-8.5","","-0.8","","18.8","","0.0","","0.0","","0.0","","0.0","","0","","","","",""
"-118.64","55.45","SEXSMITH WIEBE","3075858","2001-11-06","2001","11","06","","3.5","","-13.0","","-4.8","","22.8","","0.0","","0.0","","0.0","","0.0","","0","","","","",""
"-118.64","55.45","SEXSMITH WIEBE","3075858","2001-11-07","2001","11","07","","4.0","","-11.0","","-3.5","","21.5","","0.0","","1.2","","0.0","","1.2","","0","","","","",""
"-118.64","55.45","SEXSMITH WIEBE","3075858","2001-11-08","2001","11","08","","8.5","","-2.0","","3.3","","14.7","","0.0","","1.2","","0.0","","1.2","","0","","","","",""
"-118.64","55.45","SEXSMITH WIEBE","3075858","2001-11-09","2001","11","09","","4.0","","-2.0","","1.0","","17.0","","0.0","","4.0","","0.0","","4.0","","0","","","","",""
"-118.64","55.45","SEXSMITH WIEBE","3075858","2001-11-10","2001","11","10","","4.5","","0.0","","2.3","","15.7","","0.0","","0.6","","0.0","","0.6","","0","","","","",""
"-118.64","55.45","SEXSMITH WIEBE","3075858","2001-11-11","2001","11","11","","6.0","","-4.5","","0.8","","17.2","","0.0","","0.2","","0.0","","0.2","","0","","","","",""
"-118.64","55.45","SEXSMITH WIEBE","3075858","2001-11-12","2001","11","12","","9.0","","-2.0","","3.5","","14.5","","0.0","","0.0","","0.0","","0.0","","0","","","","",""
"-118.64","55.45","SEXSMITH WIEBE","3075858","2001-11-13","2001","11","13","","12.0","","-3.0","","4.5","","13.5","","0.0","","0.0","","0.0","","0.0","","0","","","","",""
"-118.64","55.45","SEXSMITH WIEBE","3075858","2001-11-14","2001","11","14","","9.0","","-4.0","","2.5","","15.5","","0.0","","0.0","","0.0","","0.0","","0","","","","",""
"-118.64","55.45","SEXSMITH WIEBE","3075858","2001-11-15","2001","11","15","","12.0","","-2.5","","4.8","","13.2","","0.0","","1.6","","0.0","","1.6","","0","","","","",""
"-118.64","55.45","SEXSMITH WIEBE","3075858","2001-11-16","2001","11","16","","4.0","","-5.0","","-0.5","","18.5","","0.0","","0.0","T","0.0","T","0.0","T","0","","","","",""
"-118.64","55.45","SEXSMITH WIEBE","3075858","2001-11-17","2001","11","17","","2.5","","-5.0","","-1.3","","19.3","","0.0","","0.0","","0.0","","0.0","","0","","","","",""
"-118.64","55.45","SEXSMITH WIEBE","3075858","2001-11-18","2001","11","18","","0.0","","-14.0","","-7.0","","25.0","","0.0","","0.0","","0.0","","0.0","","0","","","","",""
"-118.64","55.45","SEXSMITH WIEBE","3075858","2001-11-19","2001","11","19","","7.0","","-14.5","","-3.8","","21.8","","0.0","","0.0","T","0.0","T","0.0","T","0","","","","",""
"-118.64","55.45","SEXSMITH WIEBE","3075858","2001-11-20","2001","11","20","","4.0","","-6.5","","-1.3","","19.3","","0.0","","0.0","","0.0","","0.0","","0","","","","",""
"-118.64","55.45","SEXSMITH WIEBE","3075858","2001-11-21","2001","11","21","","1.0","","-4.0","","-1.5","","19.5","","0.0","","0.0","","0.0","","0.0","","0","","","","",""
"-118.64","55.45","SEXSMITH WIEBE","3075858","2001-11-22","2001","11","22","","7.0","","-7.0","","0.0","","18.0","","0.0","","0.0","","0.0","T","0.0","T","0","","","","",""
"-118.64","55.45","SEXSMITH WIEBE","3075858","2001-11-23","2001","11","23","","-4.0","","-7.0","","-5.5","","23.5","","0.0","","0.0","","6.4","","6.4","","0","T","","","",""
"-118.64","55.45","SEXSMITH WIEBE","3075858","2001-11-24","2001","11","24","","-7.5","","-11.0","","-9.3","","27.3","","0.0","","0.0","","8.6","","8.6","","6","","","","",""
"-118.64","55.45","SEXSMITH WIEBE","3075858","2001-11-25","2001","11","25","","-14.5","","-16.5","","-15.5","","33.5","","0.0","","0.0","","4.4","","4.4","","12","","","","",""
"-118.64","55.45","SEXSMITH WIEBE","3075858","2001-11-26","2001","11","26","","-15.5","","-20.0","","-17.8","","35.8","","0.0","","0.0","","2.6","","2.6","","13","","","","",""
"-118.64","55.45","SEXSMITH WIEBE","3075858","2001-11-27","2001","11","27","","-15.0","","-29.0","","-22.0","","40.0","","0.0","","0.0","","0.6","","0.6","","13","","","","",""
"-118.64","55.45","SEXSMITH WIEBE","3075858","2001-11-28","2001","11","28","","-19.5","","-26.0","","-22.8","","40.8","","0.0","","0.0","","2.4","","2.4","","12","","","","",""
"-118.64","55.45","SEXSMITH WIEBE","3075858","2001-11-29","2001","11","29","","-18.0","","-22.0","","-20.0","","38.0","","0.0","","0.0","","2.8","","2.8","","14","","","","",""
"-118.64","55.45","SEXSMITH WIEBE","3075858","2001-11-30","2001","11","30","","-18.0","","-30.5","","-24.3","","42.3","","0.0","","0.0","","0.0","","0.0","","16","","","","",""
"-118.64","55.45","SEXSMITH WIEBE","3075858","2001-12-01","2001","12","01","","-18.0","","-29.0","","-23.5","","41.5","","0.0","","0.0","","1.2","","1.2","","14","","","","",""
"-118.64","55.45","SEXSMITH WIEBE","3075858","2001-12-02","2001","12","02","","-13.0","","-28.0","","-20.5","","38.5","","0.0","","0.0","","0.0","T","0.0","T","15","E","","","",""
"-118.64","55.45","SEXSMITH WIEBE","3075858","2001-12-03","2001","12","03","","-13.0","","-29.0","","-21.0","","39.0","","0.0","","0.0","","0.0","","0.0","","15","E","","","",""
"-118.64","55.45","SEXSMITH WIEBE","3075858","2001-12-04","2001","12","04","","-7.0","","-28.0","","-17.5","","35.5","","0.0","","0.0","","0.0","","0.0","","15","","","","",""
"-118.64","55.45","SEXSMITH WIEBE","3075858","2001-12-05","2001","12","05","","-15.0","","-24.0","","-19.5","","37.5","","0.0","","0.0","","0.0","","0.0","","15","E","","","",""
"-118.64","55.45","SEXSMITH WIEBE","3075858","2001-12-06","2001","12","06","","-2.0","","-25.0","","-13.5","","31.5","","0.0","","0.0","","0.0","T","0.0","T","15","","","","",""
"-118.64","55.45","SEXSMITH WIEBE","3075858","2001-12-07","2001","12","07","","2.0","","-18.0","","-8.0","","26.0","","0.0","","0.0","","4.0","","4.0","","14","","","","",""
"-118.64","55.45","SEXSMITH WIEBE","3075858","2001-12-08","2001","12","08","","4.0","","-10.0","","-3.0","","21.0","","0.0","","0.0","","6.8","","6.8","","18","","","","",""
"-118.64","55.45","SEXSMITH WIEBE","3075858","2001-12-09","2001","12","09","","-4.0","","-10.0","","-7.0","","25.0","","0.0","","0.0","","3.4","","3.4","","25","","","","",""
"-118.64","55.45","SEXSMITH WIEBE","3075858","2001-12-10","2001","12","10","","-16.5","","-19.0","","-17.8","","35.8","","0.0","","0.0","","5.0","","5.0","","25","","","","",""
"-118.64","55.45","SEXSMITH WIEBE","3075858","2001-12-11","2001","12","11","","-4.0","","-27.0","","-15.5","","33.5","","0.0","","0.0","","0.0","T","0.0","T","27","","","","",""
"-118.64","55.45","SEXSMITH WIEBE","3075858","2001-12-12","2001","12","12","","0.0","","-14.0","","-7.0","","25.0","","0.0","","0.0","","0.0","","0.0","","24","","","","",""
"-118.64","55.45","SEXSMITH WIEBE","3075858","2001-12-13","2001","12","13","","-1.5","","-11.0","","-6.3","","24.3","","0.0","","0.0","","1.6","","1.6","","23","","","","",""
"-118.64","55.45","SEXSMITH WIEBE","3075858","2001-12-14","2001","12","14","","-4.0","","-10.0","","-7.0","","25.0","","0.0","","0.0","","3.0","","3.0","","25","","","","",""
"-118.64","55.45","SEXSMITH WIEBE","3075858","2001-12-15","2001","12","15","","-6.0","","-23.5","","-14.8","","32.8","","0.0","","0.0","","2.8","","2.8","","26","","","","",""
"-118.64","55.45","SEXSMITH WIEBE","3075858","2001-12-16","2001","12","16","","-3.5","","-15.0","","-9.3","","27.3","","0.0","","0.0","","1.8","","1.8","","26","E","","","",""
"-118.64","55.45","SEXSMITH WIEBE","3075858","2001-12-17","2001","12","17","","-9.0","","-20.0","","-14.5","","32.5","","0.0","","0.0","","0.0","","0.0","","27","","","","",""
"-118.64","55.45","SEXSMITH WIEBE","3075858","2001-12-18","2001","12","18","","-1.5","","-21.0","","-11.3","","29.3","","0.0","","0.0","","0.0","","0.0","","26","","","","",""
"-118.64","55.45","SEXSMITH WIEBE","3075858","2001-12-19","2001","12","19","","-8.0","","-20.0","","-14.0","","32.0","","0.0","","0.0","","0.0","","0.0","","25","","","","",""
"-118.64","55.45","SEXSMITH WIEBE","3075858","2001-12-20","2001","12","20","","-3.0","","-23.0","","-13.0","","31.0","","0.0","","0.0","","0.0","","0.0","","24","","","","",""
"-118.64","55.45","SEXSMITH WIEBE","3075858","2001-12-21","2001","12","21","","-4.0","","-23.0","","-13.5","","31.5","","0.0","","0.0","","0.0","","0.0","","24","E","","","",""
"-118.64","55.45","SEXSMITH WIEBE","3075858","2001-12-22","2001","12","22","","-7.0","E","-19.0","","-13.0","E","31.0","E","0.0","E","0.0","","0.0","","0.0","","24","","","","",""
"-118.64","55.45","SEXSMITH WIEBE","3075858","2001-12-23","2001","12","23","","-5.0","E","-20.0","E","-12.5","E","30.5","E","0.0","E","0.0","","0.0","","0.0","","24","E","","","",""
"-118.64","55.45","SEXSMITH WIEBE","3075858","2001-12-24","2001","12","24","","-3.0","E","-15.0","E","-9.0","E","27.0","E","0.0","E","0.0","","0.0","","0.0","","24","E","","","",""
"-118.64","55.45","SEXSMITH WIEBE","3075858","2001-12-25","2001","12","25","","2.0","E","-16.0","E","-7.0","E","25.0","E","0.0","E","0.0","","0.0","","0.0","","24","E","","","",""
"-118.64","55.45","SEXSMITH WIEBE","3075858","2001-12-26","2001","12","26","","-7.0","E","-21.0","","-14.0","E","32.0","E","0.0","E","0.0","","0.0","","0.0","","24","E","","","",""
"-118.64","55.45","SEXSMITH WIEBE","3075858","2001-12-27","2001","12","27","","-4.5","","-18.0","","-11.3","","29.3","","0.0","","0.0","","0.0","","0.0","","23","","","","",""
"-118.64","55.45","SEXSMITH WIEBE","3075858","2001-12-28","2001","12","28","","-16.0","","-21.0","","-18.5","","36.5","","0.0","","0.0","","0.0","","0.0","","23","E","","","",""
"-118.64","55.45","SEXSMITH WIEBE","3075858","2001-12-29","2001","12","29","","-14.0","E","-27.0","","-20.5","E","38.5","E","0.0","E","0.0","","0.0","","0.0","","23","E","","","",""
"-118.64","55.45","SEXSMITH WIEBE","3075858","2001-12-30","2001","12","30","","-16.0","E","-25.0","E","-20.5","E","38.5","E","0.0","E","0.0","","0.0","","0.0","","23","E","","","",""
"-118.64","55.45","SEXSMITH WIEBE","3075858","2001-12-31","2001","12","31","","-19.0","","-25.0","","-22.0","","40.0","","0.0","","0.0","","0.0","","0.0","","23","","","","",""
